<?xml version="1.0" standalone="yes"?>
<Recordset>
  <xs:schema id="Recordset" xmlns="" xmlns:xs="http://www.w3.org/2001/XMLSchema" xmlns:msdata="urn:schemas-microsoft-com:xml-msdata">
    <xs:element name="Recordset" msdata:IsDataSet="true" msdata:MainDataTable="DTLABELS" msdata:UseCurrentLocale="true">
      <xs:complexType>
        <xs:choice minOccurs="0" maxOccurs="unbounded">
          <xs:element name="DTLABELS">
            <xs:complexType>
              <xs:sequence>
                <xs:element name="LID" type="xs:int" minOccurs="0" />
                <xs:element name="TXID" type="xs:int" minOccurs="0" />
                <xs:element name="ORDERNO" type="xs:decimal" minOccurs="0" />
                <xs:element name="LABEL" type="xs:string" minOccurs="0" />
                <xs:element name="CONTROLTYPE" type="xs:int" minOccurs="0" />
                <xs:element name="FIELDLENGTH" type="xs:int" minOccurs="0" />
                <xs:element name="DEFAULTTEXT" type="xs:string" minOccurs="0" />
              </xs:sequence>
            </xs:complexType>
          </xs:element>
        </xs:choice>
      </xs:complexType>
    </xs:element>
  </xs:schema>
  <DTLABELS>
    <LID>15</LID>
    <TXID>6</TXID>
    <ORDERNO>4</ORDERNO>
    <LABEL>List Active Loads</LABEL>
    <CONTROLTYPE>2</CONTROLTYPE>
    <FIELDLENGTH>0</FIELDLENGTH>
    <DEFAULTTEXT>Unchecked</DEFAULTTEXT>
  </DTLABELS>
  <DTLABELS>
    <LID>14</LID>
    <TXID>6</TXID>
    <ORDERNO>3</ORDERNO>
    <LABEL>Start/Stop</LABEL>
    <CONTROLTYPE>4</CONTROLTYPE>
    <FIELDLENGTH>0</FIELDLENGTH>
    <DEFAULTTEXT>Start</DEFAULTTEXT>
  </DTLABELS>
  <DTLABELS>
    <LID>13</LID>
    <TXID>6</TXID>
    <ORDERNO>2</ORDERNO>
    <LABEL>Dock/Bay</LABEL>
    <CONTROLTYPE>4</CONTROLTYPE>
    <FIELDLENGTH>0</FIELDLENGTH>
    <DEFAULTTEXT>[Assign]</DEFAULTTEXT>
  </DTLABELS>
  <DTLABELS>
    <LID>12</LID>
    <TXID>6</TXID>
    <ORDERNO>1</ORDERNO>
    <LABEL>Load#</LABEL>
    <CONTROLTYPE>16</CONTROLTYPE>
    <FIELDLENGTH>4</FIELDLENGTH>
    <DEFAULTTEXT />
  </DTLABELS>
</Recordset>